ID,name,createdAt,createdBy,modifiedAt,modifiedBy
14197948-b250-4528-9bd6-fad1657ecf19,name-14197948,2001-06-17T00:00:00.000Z,createdBy.8gb7g@example.net,2008-05-29T00:00:00.000Z,modifiedBy.8gb7g@example.com
26887427-30b8-4fd4-8fef-8e1559d3ad05,name-26887427,2012-08-11T00:00:00.000Z,createdBy.g0agz@example.org,2020-07-06T00:00:00.000Z,modifiedBy.g0agz@example.com
26887428-fbab-48f1-8bc8-2641ae42ba7f,name-26887428,2021-01-12T00:00:00.000Z,createdBy.g0ah0@example.com,2023-01-05T00:00:00.000Z,modifiedBy.g0ah0@example.org
26887429-47b4-48a9-90f1-fa57d8d5bf9e,name-26887429,2018-07-30T00:00:00.000Z,createdBy.g0ah1@example.net,2022-04-02T00:00:00.000Z,modifiedBy.g0ah1@example.com
26887430-fc33-4dec-bb6a-4b4e6c5d9091,name-26887430,2008-09-28T00:00:00.000Z,createdBy.g0ah2@example.net,2016-04-28T00:00:00.000Z,modifiedBy.g0ah2@example.com
26887431-9e84-4eac-85a5-93d0d25abdd5,name-26887431,2023-06-09T00:00:00.000Z,createdBy.g0ah3@example.net,2021-04-12T00:00:00.000Z,modifiedBy.g0ah3@example.com
26887432-f16e-4537-affa-7797a34a06df,name-26887432,2021-11-22T00:00:00.000Z,createdBy.g0ah4@example.org,2012-02-19T00:00:00.000Z,modifiedBy.g0ah4@example.org
26887433-9e13-47e2-ba46-d6db8706d624,name-26887433,2005-06-13T00:00:00.000Z,createdBy.g0ah5@example.org,2017-11-17T00:00:00.000Z,modifiedBy.g0ah5@example.org
26887434-3054-4a70-bb21-65cd63fc9104,name-26887434,2013-10-13T00:00:00.000Z,createdBy.g0ah6@example.org,2019-11-21T00:00:00.000Z,modifiedBy.g0ah6@example.com
26887435-62bb-4be8-b235-4af2ff93271d,name-26887435,2002-07-22T00:00:00.000Z,createdBy.g0ah7@example.org,2013-02-08T00:00:00.000Z,modifiedBy.g0ah7@example.org
