book_ID,ID,number,createdAt,createdBy,modifiedAt,modifiedBy
71075569-9fde-4119-b259-799dc0501f2a,22546893-a799-4892-b176-0ee018009042,67,2013-09-18T00:00:00.000Z,createdBy.df9al@example.com,2002-01-30T00:00:00.000Z,modifiedBy.df9al@example.com
71075569-9fde-4119-b259-799dc0501f2a,22546894-6cb0-415d-b959-e9f271959b7c,85,2009-09-27T00:00:00.000Z,createdBy.df9am@example.net,2007-04-22T00:00:00.000Z,modifiedBy.df9am@example.net
7107557d-1fae-4b35-85c7-fc3581b71fa6,12267634-768e-4535-bf40-5da06ef76d33,33,2012-05-28T00:00:00.000Z,createdBy.7axrm@example.com,2004-03-19T00:00:00.000Z,modifiedBy.7axrm@example.com
7107557d-1fae-4b35-85c7-fc3581b71fa6,12267635-b7a5-4f85-a6a7-11e0a1c12e6f,64,2019-01-14T00:00:00.000Z,createdBy.7axrn@example.com,2017-03-12T00:00:00.000Z,modifiedBy.7axrn@example.org
7107558c-7703-4ab3-a3e4-0c688cb10187,43054596-1ba7-4add-8f69-e914fb08d553,93,2018-05-20T00:00:00.000Z,createdBy.2ka43@example.org,2000-04-16T00:00:00.000Z,modifiedBy.2ka43@example.net
7107558c-7703-4ab3-a3e4-0c688cb10187,43054602-222c-42b3-8244-7a505d91e197,2,2010-10-30T00:00:00.000Z,createdBy.2ka44@example.net,2022-10-12T00:00:00.000Z,modifiedBy.2ka44@example.com
71075599-3de8-406d-b260-e8d6d77b2a9f,14813302-af68-433e-8e7d-d2c4637b7732,22,2013-10-21T00:00:00.000Z,createdBy.8ti0m@example.org,2017-05-26T00:00:00.000Z,modifiedBy.8ti0m@example.org
71075599-3de8-406d-b260-e8d6d77b2a9f,14813303-4cf6-4063-a850-c2d4ca58b359,32,2019-11-13T00:00:00.000Z,createdBy.8ti0n@example.com,2017-11-15T00:00:00.000Z,modifiedBy.8ti0n@example.net
71075600-ffba-4692-aa52-a25156a77687,25848191-51ad-4c26-ae79-9c31c5701bf1,61,2003-03-04T00:00:00.000Z,createdBy.fe0lb@example.com,2023-03-28T00:00:00.000Z,modifiedBy.fe0lb@example.com
71075600-ffba-4692-aa52-a25156a77687,25848192-af47-4339-b056-b9ccc8427a38,31,2002-11-09T00:00:00.000Z,createdBy.fe0lc@example.net,2017-01-11T00:00:00.000Z,modifiedBy.fe0lc@example.org
